<?xml version="1.0" encoding="UTF-8"?>
<export version="E">
  <design>
    <source>D:\Sebastian\Projekte\14_Exoskelett\13-Elektronik\Linearsensor\Linearsensor.kicad_sch</source>
    <date>04.08.2022 20:33:49</date>
    <tool>Eeschema (6.0.6)</tool>
    <sheet number="1" name="/" tstamps="/">
      <title_block>
        <title>Linear Hall Effect Array</title>
        <company/>
        <rev>0.2</rev>
        <date>2022-08-04</date>
        <source>Linearsensor.kicad_sch</source>
        <comment number="1" value=""/>
        <comment number="2" value=""/>
        <comment number="3" value=""/>
        <comment number="4" value=""/>
        <comment number="5" value=""/>
        <comment number="6" value=""/>
        <comment number="7" value=""/>
        <comment number="8" value=""/>
        <comment number="9" value=""/>
      </title_block>
    </sheet>
  </design>
  <components>
    <comp ref="C1">
      <value>10 µF</value>
      <footprint>Capacitor_SMD:C_0402_1005Metric</footprint>
      <libsource lib="Device" part="C" description="Unpolarized capacitor"/>
      <property name="Sheetname" value=""/>
      <property name="Sheetfile" value="Linearsensor.kicad_sch"/>
      <sheetpath names="/" tstamps="/"/>
      <tstamps>6094a865-33ed-4389-948f-1df962b7609d</tstamps>
    </comp>
    <comp ref="C2">
      <value>10 µF</value>
      <footprint>Capacitor_SMD:C_0402_1005Metric</footprint>
      <libsource lib="Device" part="C" description="Unpolarized capacitor"/>
      <property name="Sheetname" value=""/>
      <property name="Sheetfile" value="Linearsensor.kicad_sch"/>
      <sheetpath names="/" tstamps="/"/>
      <tstamps>3f3a96d9-020d-4346-8cfc-db4f0850f858</tstamps>
    </comp>
    <comp ref="C3">
      <value>10 µF</value>
      <footprint>Capacitor_SMD:C_0402_1005Metric</footprint>
      <libsource lib="Device" part="C" description="Unpolarized capacitor"/>
      <property name="Sheetname" value=""/>
      <property name="Sheetfile" value="Linearsensor.kicad_sch"/>
      <sheetpath names="/" tstamps="/"/>
      <tstamps>383c47d4-dba6-4e01-b65f-a551112ac045</tstamps>
    </comp>
    <comp ref="C4">
      <value>10 µF</value>
      <footprint>Capacitor_SMD:C_0402_1005Metric</footprint>
      <libsource lib="Device" part="C" description="Unpolarized capacitor"/>
      <property name="Sheetname" value=""/>
      <property name="Sheetfile" value="Linearsensor.kicad_sch"/>
      <sheetpath names="/" tstamps="/"/>
      <tstamps>128923ea-6be4-4c56-87f9-2979b8ad0d96</tstamps>
    </comp>
    <comp ref="D1">
      <value>DIODE</value>
      <footprint>Diode_SMD:D_0603_1608Metric</footprint>
      <libsource lib="pspice" part="DIODE" description="Diode symbol for simulation only. Pin order incompatible with official kicad footprints"/>
      <property name="Sheetname" value=""/>
      <property name="Sheetfile" value="Linearsensor.kicad_sch"/>
      <sheetpath names="/" tstamps="/"/>
      <tstamps>2baa6fb4-4a5f-4fe1-8fed-dee7a5452ea1</tstamps>
    </comp>
    <comp ref="D2">
      <value>LED</value>
      <footprint>LED_SMD:LED_0603_1608Metric</footprint>
      <libsource lib="Device" part="LED" description="Light emitting diode"/>
      <property name="Sheetname" value=""/>
      <property name="Sheetfile" value="Linearsensor.kicad_sch"/>
      <sheetpath names="/" tstamps="/"/>
      <tstamps>30c32c5f-79af-4dc9-b68b-6dd004642c3e</tstamps>
    </comp>
    <comp ref="H1">
      <value>MountingHole</value>
      <footprint>MountingHole:MountingHole_2.1mm</footprint>
      <libsource lib="Mechanical" part="MountingHole" description="Mounting Hole without connection"/>
      <property name="Sheetname" value=""/>
      <property name="Sheetfile" value="Linearsensor.kicad_sch"/>
      <sheetpath names="/" tstamps="/"/>
      <tstamps>1f12dcd3-4225-450d-b657-d70f64a5b9cd</tstamps>
    </comp>
    <comp ref="H2">
      <value>MountingHole</value>
      <footprint>MountingHole:MountingHole_2.1mm</footprint>
      <libsource lib="Mechanical" part="MountingHole" description="Mounting Hole without connection"/>
      <property name="Sheetname" value=""/>
      <property name="Sheetfile" value="Linearsensor.kicad_sch"/>
      <sheetpath names="/" tstamps="/"/>
      <tstamps>24c0cbdd-3445-4e71-b5c7-910016d17ea6</tstamps>
    </comp>
    <comp ref="J2">
      <value>Conn_02x03_Odd_Even</value>
      <footprint>Connector_PinHeader_2.54mm:PinHeader_2x03_P2.54mm_Horizontal</footprint>
      <libsource lib="Connector_Generic" part="Conn_02x03_Odd_Even" description="Generic connector, double row, 02x03, odd/even pin numbering scheme (row 1 odd numbers, row 2 even numbers), script generated (kicad-library-utils/schlib/autogen/connector/)"/>
      <property name="Sheetname" value=""/>
      <property name="Sheetfile" value="Linearsensor.kicad_sch"/>
      <sheetpath names="/" tstamps="/"/>
      <tstamps>092fe72c-aafa-472a-930a-2553a3647720</tstamps>
    </comp>
    <comp ref="R1">
      <value>4,7 k</value>
      <footprint>Resistor_SMD:R_0603_1608Metric</footprint>
      <libsource lib="Device" part="R" description="Resistor"/>
      <property name="Sheetname" value=""/>
      <property name="Sheetfile" value="Linearsensor.kicad_sch"/>
      <sheetpath names="/" tstamps="/"/>
      <tstamps>04d65553-62e8-46d7-a029-77986bc76896</tstamps>
    </comp>
    <comp ref="R2">
      <value>4,7 k</value>
      <footprint>Resistor_SMD:R_0603_1608Metric</footprint>
      <libsource lib="Device" part="R" description="Resistor"/>
      <property name="Sheetname" value=""/>
      <property name="Sheetfile" value="Linearsensor.kicad_sch"/>
      <sheetpath names="/" tstamps="/"/>
      <tstamps>80afda5d-5ba4-4eb6-9979-8a441d2bf19d</tstamps>
    </comp>
    <comp ref="R3">
      <value>4,7 k</value>
      <footprint>Resistor_SMD:R_0603_1608Metric</footprint>
      <libsource lib="Device" part="R" description="Resistor"/>
      <property name="Sheetname" value=""/>
      <property name="Sheetfile" value="Linearsensor.kicad_sch"/>
      <sheetpath names="/" tstamps="/"/>
      <tstamps>c476e0fe-38ad-4d79-a515-51384aee6996</tstamps>
    </comp>
    <comp ref="R4">
      <value>4,7 k</value>
      <footprint>Resistor_SMD:R_0603_1608Metric</footprint>
      <libsource lib="Device" part="R" description="Resistor"/>
      <property name="Sheetname" value=""/>
      <property name="Sheetfile" value="Linearsensor.kicad_sch"/>
      <sheetpath names="/" tstamps="/"/>
      <tstamps>1cac651f-afa8-4f82-86b2-2656f68268a9</tstamps>
    </comp>
    <comp ref="R5">
      <value>R</value>
      <footprint>Resistor_SMD:R_0603_1608Metric</footprint>
      <libsource lib="Device" part="R" description="Resistor"/>
      <property name="Sheetname" value=""/>
      <property name="Sheetfile" value="Linearsensor.kicad_sch"/>
      <sheetpath names="/" tstamps="/"/>
      <tstamps>45b3457c-40a9-40a5-a8a8-0ef2d5f1d569</tstamps>
    </comp>
    <comp ref="U1">
      <value>DRV5057A2QDBZT</value>
      <footprint>Package_TO_SOT_SMD:SOT-23</footprint>
      <libsource lib="2022-06-28_18-35-33" part="DRV5057A2QDBZT" description=""/>
      <property name="Sheetname" value=""/>
      <property name="Sheetfile" value="Linearsensor.kicad_sch"/>
      <sheetpath names="/" tstamps="/"/>
      <tstamps>64108ca8-e9f4-40ac-8c7c-c4989b42014f</tstamps>
    </comp>
    <comp ref="U2">
      <value>DRV5057A2QDBZT</value>
      <footprint>Package_TO_SOT_SMD:SOT-23</footprint>
      <libsource lib="2022-06-28_18-35-33" part="DRV5057A2QDBZT" description=""/>
      <property name="Sheetname" value=""/>
      <property name="Sheetfile" value="Linearsensor.kicad_sch"/>
      <sheetpath names="/" tstamps="/"/>
      <tstamps>8d3bee13-b206-42d8-a582-4a693aa1ab8b</tstamps>
    </comp>
    <comp ref="U3">
      <value>DRV5057A2QDBZT</value>
      <footprint>Package_TO_SOT_SMD:SOT-23</footprint>
      <libsource lib="2022-06-28_18-35-33" part="DRV5057A2QDBZT" description=""/>
      <property name="Sheetname" value=""/>
      <property name="Sheetfile" value="Linearsensor.kicad_sch"/>
      <sheetpath names="/" tstamps="/"/>
      <tstamps>6db6e954-88a8-42eb-b785-1c78b32512d9</tstamps>
    </comp>
    <comp ref="U4">
      <value>DRV5057A2QDBZT</value>
      <footprint>Package_TO_SOT_SMD:SOT-23</footprint>
      <libsource lib="2022-06-28_18-35-33" part="DRV5057A2QDBZT" description=""/>
      <property name="Sheetname" value=""/>
      <property name="Sheetfile" value="Linearsensor.kicad_sch"/>
      <sheetpath names="/" tstamps="/"/>
      <tstamps>9dee3cd5-2768-462d-902f-e1de6b5c05c7</tstamps>
    </comp>
  </components>
  <libparts>
    <libpart lib="2022-06-28_18-35-33" part="DRV5057A2QDBZT">
      <footprints>
        <fp>DBZ3_TEX</fp>
        <fp>DBZ3_TEX-M</fp>
        <fp>DBZ3_TEX-L</fp>
      </footprints>
      <fields>
        <field name="Reference">U</field>
        <field name="Value">DRV5057A2QDBZT</field>
        <field name="Footprint">DBZ3_TEX</field>
      </fields>
      <pins>
        <pin num="1" name="VCC" type="power_in"/>
        <pin num="2" name="OUT" type="output"/>
        <pin num="3" name="GND" type="power_in"/>
      </pins>
    </libpart>
    <libpart lib="Connector_Generic" part="Conn_02x03_Odd_Even">
      <description>Generic connector, double row, 02x03, odd/even pin numbering scheme (row 1 odd numbers, row 2 even numbers), script generated (kicad-library-utils/schlib/autogen/connector/)</description>
      <docs>~</docs>
      <footprints>
        <fp>Connector*:*_2x??_*</fp>
      </footprints>
      <fields>
        <field name="Reference">J</field>
        <field name="Value">Conn_02x03_Odd_Even</field>
        <field name="Datasheet">~</field>
      </fields>
      <pins>
        <pin num="1" name="Pin_1" type="passive"/>
        <pin num="2" name="Pin_2" type="passive"/>
        <pin num="3" name="Pin_3" type="passive"/>
        <pin num="4" name="Pin_4" type="passive"/>
        <pin num="5" name="Pin_5" type="passive"/>
        <pin num="6" name="Pin_6" type="passive"/>
      </pins>
    </libpart>
    <libpart lib="Device" part="C">
      <description>Unpolarized capacitor</description>
      <docs>~</docs>
      <footprints>
        <fp>C_*</fp>
      </footprints>
      <fields>
        <field name="Reference">C</field>
        <field name="Value">C</field>
        <field name="Datasheet">~</field>
      </fields>
      <pins>
        <pin num="1" name="" type="passive"/>
        <pin num="2" name="" type="passive"/>
      </pins>
    </libpart>
    <libpart lib="Device" part="LED">
      <description>Light emitting diode</description>
      <docs>~</docs>
      <footprints>
        <fp>LED*</fp>
        <fp>LED_SMD:*</fp>
        <fp>LED_THT:*</fp>
      </footprints>
      <fields>
        <field name="Reference">D</field>
        <field name="Value">LED</field>
        <field name="Datasheet">~</field>
      </fields>
      <pins>
        <pin num="1" name="K" type="passive"/>
        <pin num="2" name="A" type="passive"/>
      </pins>
    </libpart>
    <libpart lib="Device" part="R">
      <description>Resistor</description>
      <docs>~</docs>
      <footprints>
        <fp>R_*</fp>
      </footprints>
      <fields>
        <field name="Reference">R</field>
        <field name="Value">R</field>
        <field name="Datasheet">~</field>
      </fields>
      <pins>
        <pin num="1" name="" type="passive"/>
        <pin num="2" name="" type="passive"/>
      </pins>
    </libpart>
    <libpart lib="Mechanical" part="MountingHole">
      <description>Mounting Hole without connection</description>
      <docs>~</docs>
      <footprints>
        <fp>MountingHole*</fp>
      </footprints>
      <fields>
        <field name="Reference">H</field>
        <field name="Value">MountingHole</field>
        <field name="Datasheet">~</field>
      </fields>
    </libpart>
    <libpart lib="pspice" part="DIODE">
      <description>Diode symbol for simulation only. Pin order incompatible with official kicad footprints</description>
      <docs>~</docs>
      <fields>
        <field name="Reference">D</field>
        <field name="Value">DIODE</field>
        <field name="Datasheet">~</field>
      </fields>
      <pins>
        <pin num="1" name="K" type="input"/>
        <pin num="2" name="A" type="input"/>
      </pins>
    </libpart>
  </libparts>
  <libraries>
    <library logical="2022-06-28_18-35-33">
      <uri>D:/Sebastian/Projekte/14_Exoskelett/13-Elektronik/ul_DRV5057A2QDBZT/KiCAD/2022-06-28_18-35-33/2022-06-28_18-35-33.lib</uri>
    </library>
    <library logical="Connector_Generic">
      <uri>D:\Programme\KiCad\6.0\share\kicad\symbols\/Connector_Generic.kicad_sym</uri>
    </library>
    <library logical="Device">
      <uri>D:\Programme\KiCad\6.0\share\kicad\symbols\/Device.kicad_sym</uri>
    </library>
    <library logical="Mechanical">
      <uri>D:\Programme\KiCad\6.0\share\kicad\symbols\/Mechanical.kicad_sym</uri>
    </library>
    <library logical="pspice">
      <uri>D:\Programme\KiCad\6.0\share\kicad\symbols\/pspice.kicad_sym</uri>
    </library>
  </libraries>
  <nets>
    <net code="1" name="+3.3V">
      <node ref="C1" pin="1" pintype="passive"/>
      <node ref="C2" pin="1" pintype="passive"/>
      <node ref="C3" pin="1" pintype="passive"/>
      <node ref="C4" pin="1" pintype="passive"/>
      <node ref="D1" pin="2" pinfunction="A" pintype="input"/>
      <node ref="J2" pin="1" pinfunction="Pin_1" pintype="passive"/>
      <node ref="R1" pin="1" pintype="passive"/>
      <node ref="R2" pin="1" pintype="passive"/>
      <node ref="R3" pin="1" pintype="passive"/>
      <node ref="R4" pin="1" pintype="passive"/>
      <node ref="R5" pin="1" pintype="passive"/>
      <node ref="U1" pin="1" pinfunction="VCC" pintype="power_in"/>
      <node ref="U2" pin="1" pinfunction="VCC" pintype="power_in"/>
      <node ref="U3" pin="1" pinfunction="VCC" pintype="power_in"/>
      <node ref="U4" pin="1" pinfunction="VCC" pintype="power_in"/>
    </net>
    <net code="2" name="GND">
      <node ref="C1" pin="2" pintype="passive"/>
      <node ref="C2" pin="2" pintype="passive"/>
      <node ref="C3" pin="2" pintype="passive"/>
      <node ref="C4" pin="2" pintype="passive"/>
      <node ref="D1" pin="1" pinfunction="K" pintype="input"/>
      <node ref="D2" pin="1" pinfunction="K" pintype="passive"/>
      <node ref="J2" pin="2" pinfunction="Pin_2" pintype="passive"/>
      <node ref="U1" pin="3" pinfunction="GND" pintype="power_in"/>
      <node ref="U2" pin="3" pinfunction="GND" pintype="power_in"/>
      <node ref="U3" pin="3" pinfunction="GND" pintype="power_in"/>
      <node ref="U4" pin="3" pinfunction="GND" pintype="power_in"/>
    </net>
    <net code="3" name="Net-(D2-Pad2)">
      <node ref="D2" pin="2" pinfunction="A" pintype="passive"/>
      <node ref="R5" pin="2" pintype="passive"/>
    </net>
    <net code="4" name="Net-(J2-Pad3)">
      <node ref="J2" pin="3" pinfunction="Pin_3" pintype="passive"/>
      <node ref="R1" pin="2" pintype="passive"/>
      <node ref="U1" pin="2" pinfunction="OUT" pintype="output"/>
    </net>
    <net code="5" name="Net-(J2-Pad4)">
      <node ref="J2" pin="4" pinfunction="Pin_4" pintype="passive"/>
      <node ref="R2" pin="2" pintype="passive"/>
      <node ref="U2" pin="2" pinfunction="OUT" pintype="output"/>
    </net>
    <net code="6" name="Net-(J2-Pad5)">
      <node ref="J2" pin="5" pinfunction="Pin_5" pintype="passive"/>
      <node ref="R3" pin="2" pintype="passive"/>
      <node ref="U3" pin="2" pinfunction="OUT" pintype="output"/>
    </net>
    <net code="7" name="Net-(J2-Pad6)">
      <node ref="J2" pin="6" pinfunction="Pin_6" pintype="passive"/>
      <node ref="R4" pin="2" pintype="passive"/>
      <node ref="U4" pin="2" pinfunction="OUT" pintype="output"/>
    </net>
  </nets>
</export>
