Comment,Designator,Footprint,LCSC
"10 µF","C1,C2,C3,C4","Capacitor_SMD:C_0402_1005Metric",""
"DIODE","D1","Diode_SMD:D_0603_1608Metric",""
"LED","D2","LED_SMD:LED_0603_1608Metric",""
"MountingHole","H1,H2","MountingHole:MountingHole_2.1mm",""
"Conn_02x03_Odd_Even","J2","Connector_PinHeader_2.54mm:PinHeader_2x03_P2.54mm_Horizontal",""
"4,7 k","R1,R2,R3,R4","Resistor_SMD:R_0603_1608Metric",""
"R","R5","Resistor_SMD:R_0603_1608Metric",""
"DRV5057A2QDBZT","U1,U2,U3,U4","Package_TO_SOT_SMD:SOT-23",""